,,,内容,发布日期,发布人,URL,1.20-4.8
,新冠肺炎,,武汉新增136例新型冠状病毒感染肺炎病例,1.20,人民日报,https://weibo.com/2803301701/IqhFS6uS7?type=repost,
社会,非,,新疆喀什地震已致1人重伤,1.20,人民日报,https://weibo.com/2803301701/IqjdPfQpS?type=repost,
社会,非,,#两中国公民在马德里街头相继遇害# 中使馆敦促西警缉拿凶手,1.20,人民日报,https://weibo.com/2803301701/Iqk0VmeNj?type=repost,
,新冠肺炎,,新型冠状病毒究竟是个啥病毒，九图了解↓,1.20,人民日报,https://weibo.com/2803301701/IqlYIovA2?type=repost,
社会,非,,#操场埋尸案罪犯杜少平被执行死刑#,1.20,人民日报,https://weibo.com/2803301701/IqmB8kfCr?type=repost,
社会,非,,#儿慈会回应吴花燕善款问题#：善款全部退回,1.20,人民日报,https://weibo.com/2803301701/Iqn72o7J6?type=repost,
社会,非,,#北京警方通报朝阳医院暴力伤医事件#：3名医护及1名群众受伤,1.20,人民日报,https://weibo.com/2803301701/IqndiF75H?type=repost,
,新冠肺炎,,为什么突然增加这么多肺炎确诊病例,1.20,人民日报,https://weibo.com/2803301701/IqoggeFWl?type=repost,
社会,非,,#中国中药协会违规表彰鸿茅药业被处罚#,1.20,人民日报,https://weibo.com/2803301701/IqowEEQW0?type=repost,
,新冠肺炎,,#钟南山等权威专家解读新型冠状病毒防控#,1.20,人民日报,https://weibo.com/2803301701/Iqp1XuqWZ?type=repost,
,新冠肺炎,,#钟南山解读新型冠状病毒肺炎疫情#,1.20,人民日报,https://weibo.com/2803301701/Iqpol9DL5?type=repost,
,新冠肺炎,,#14名医护人员感染新型冠状病毒肺炎#,1.20,人民日报,https://weibo.com/2803301701/IqpJvqseJ?type=repost,
社会,非,,#故宫博物院院长王旭东向公众致歉#,1.21,人民日报,https://weibo.com/2803301701/Iqq6l5cAc?type=repost,
,新冠肺炎,,#新型冠状病毒肺炎采取甲类传染病防控措施#,1.21,人民日报,https://weibo.com/2803301701/IqsLy4dW6?type=repost,
,新冠肺炎,,#上海确诊第二例输入性新型冠状病毒肺炎#病例,1.21,人民日报,https://weibo.com/2803301701/IqsQRfOid?type=repost,
社会,非,,扩散周知！#买短乘长或被要求到站下车#,1.21,人民日报,https://weibo.com/2803301701/Iqt6k40YK?type=repost,
,新冠肺炎,,#新型冠状病毒肺炎纳入法定传染病#,1.21,人民日报,https://weibo.com/2803301701/Iqtn545sR?type=repost,
社会,非,,遮天蔽日！#澳大利亚迎巨型沙尘暴#,1.21,人民日报,https://weibo.com/2803301701/Iquuoob1C?type=repost,
社会,非,,#中央美术学院通报姚舜熙涉嫌性骚扰#：取消其研究生导师任职资格,1.21,人民日报,https://weibo.com/2803301701/IquDpryIq?type=repost,
,新冠肺炎,,#疾控专家演示戴口罩洗手正确方法#,1.21,人民日报,https://weibo.com/2803301701/IquSdwgY6?type=repost,
,新冠肺炎,,#戴什么口罩才有用#,1.21,人民日报,https://weibo.com/2803301701/Iqv43gLgn?type=repost,
社会,非,,#浏阳烟花厂爆炸29名公职人员被问责#,1.21,人民日报,https://weibo.com/2803301701/IqvoC0sU3?type=repost,
,新冠肺炎,,#武汉实施进出武汉人员管控# 遏制疫情扩散,1.21,人民日报,https://weibo.com/2803301701/IqvyXd1px?type=repost,
,新冠肺炎,,#新型冠状病毒感染肺炎累计确诊291例#,1.21,人民日报,https://weibo.com/2803301701/IqwuA3bip?type=repost,
,新冠肺炎,,支持请转，#口罩售卖商家不要坐地起价#！请相关部门加强监管，打击不良商家哄抬物价！让我们共同努力，#抗击新型肺炎#,1.21,人民日报,https://weibo.com/2803301701/IqwXjfj0R?type=repost,
,新冠肺炎,,#天津确诊2例新型冠状病毒感染肺炎#病例 曾赴武汉,1.21,人民日报,https://weibo.com/2803301701/Iqx2A5jYZ?type=repost,
,新冠肺炎,,钟南山：#新型冠状病毒尚无有效针对药物#,1.21,人民日报,https://weibo.com/2803301701/IqxaSfhPO?type=repost,
,新冠肺炎,,#武汉新型肺炎患者救治均由政府买单#,1.21,人民日报,https://weibo.com/2803301701/IqxhMnFXm?type=repost,
,新冠肺炎,,【今天，转发#武汉新型肺炎防治倡议#！】让我们一起努力，早日打赢这场看不见硝烟的战争！#武汉加油#！,1.21,人民日报,https://weibo.com/2803301701/IqxpN8dWx?type=repost,
,新冠肺炎,,#河南确诊首例新型冠状病毒肺炎#,1.21,人民日报,https://weibo.com/2803301701/IqxyX54Pc?type=repost,
,新冠肺炎,,民航局：#涉武汉航班机票可免费办理退票#,1.21,人民日报,https://weibo.com/2803301701/IqxBYE9Lc?type=repost,
,新冠肺炎,,84岁再战防疫最前线！#钟南山的两张照片#让人肃然起敬！,1.21,人民日报,https://weibo.com/2803301701/IqxRj1ypO?type=repost,
,新冠肺炎,,#重庆确诊5例新型肺炎病例#：均有武汉工作史或居住史,1.21,人民日报,https://weibo.com/2803301701/IqycI42uq?type=repost,
健康,非,,四川中医药管理局公布#预防呼吸道传染病中医处方#,1.21,人民日报,https://weibo.com/2803301701/Iqyqu2OXM?type=repost,
,新冠肺炎,,#全国确诊309例新型冠状病毒肺炎#病例,1.21,人民日报,https://weibo.com/2803301701/Iqyzaq9lM?type=repost,
,新冠肺炎,,#武汉给市民朋友的一封信#：#你能我能武汉能#,1.21,人民日报,https://weibo.com/2803301701/IqyHisK4l?type=repost,
,新冠肺炎,,感谢守候！#全副武装的白衣战士#,1.21,人民日报,https://weibo.com/2803301701/IqyQjxqTe?type=repost,
,新冠肺炎,,#北京新增5例新型肺炎病例#,1.21,人民日报,https://weibo.com/2803301701/IqyWD5M8P?type=repost,
,新冠肺炎,,#广东打击哄抬口罩价格行为# ,1.21,人民日报,https://weibo.com/2803301701/Iqz6ikCxz?type=repost,
,新冠肺炎,,#山东确诊1例新型肺炎病例#,1.21,人民日报,https://weibo.com/2803301701/IqzgHrEV4?type=repost,
,新冠肺炎,,#美国确诊首例新型肺炎病例# 患者从武汉返回美国,1.22,人民日报,https://weibo.com/2803301701/IqBHIDCTi?type=repost,
,新冠肺炎,,#湖北启动突发公共卫生事件二级应急响应#,1.22,人民日报,https://weibo.com/2803301701/IqClL8Mv4?type=repost,
,新冠肺炎,,今天，一起转发呼吁：为了你我的健康，#支持禁绝野味市场#！,1.22,人民日报,https://weibo.com/2803301701/IqCqYokJ1?type=repost,
,新冠肺炎,,国家卫健委：#新型肺炎确诊440例#，死亡9例,1.22,人民日报,https://weibo.com/2803301701/IqDkPh81k?type=repost,
,新冠肺炎,,#9个关于新型肺炎最新事实#,1.22,人民日报,https://weibo.com/2803301701/IqDF3ikaU?type=repost,
,新冠肺炎,,请战新型肺炎！#武汉女医生的现代版与夫书#,1.22,人民日报,https://weibo.com/2803301701/IqDTLsntn?type=repost,
,新冠肺炎,,#新型冠状肺炎病毒来源是野生动物#,1.22,人民日报,https://weibo.com/2803301701/IqE1F7H3U?type=repost,
,新冠肺炎,,#国家卫健委提示4点个人卫生建议#,1.22,人民日报,https://weibo.com/2803301701/IqE4z6Nwh?type=repost,
,新冠肺炎,,#广东新确诊9例新型肺炎病例#，#广东累计确诊新型肺炎26例#,1.22,人民日报,https://weibo.com/2803301701/IqEghq5Fd?type=repost,
,新冠肺炎,,转存正确戴法！#医用外科口罩怎么戴正确#？,1.22,人民日报,https://weibo.com/2803301701/IqEP8lpC6?type=repost,
,新冠肺炎,,#教育部部署疫情防控工作#：#学校非必要不举办聚集性活动#,1.22,人民日报,https://weibo.com/2803301701/IqFs82MCO?type=repost,
社会,非,,#在朝阳医院行凶犯罪嫌疑人被批准逮捕#,1.22,人民日报,https://weibo.com/2803301701/IqFBH65YU?type=repost,
,新冠肺炎,,扩散周知！#防范新型肺炎48字守则#,1.22,人民日报,https://weibo.com/2803301701/IqG6JkWxz?type=repost,
,新冠肺炎,,#全国已确诊473例新型肺炎病例#,1.22,人民日报,https://weibo.com/2803301701/IqH09DyCi?type=repost,
,新冠肺炎,,医保报销后，#确诊新型肺炎患者个人费用部分由财政补助#,1.22,人民日报,https://weibo.com/2803301701/IqH9wfqvH?type=repost,
,新冠肺炎,,重点关注！#新型冠状病毒怕酒精不耐高温#,1.22,人民日报,https://weibo.com/2803301701/IqHgkeDcB?type=repost,
,新冠肺炎,,转发辟谣！#关于新型肺炎的9大谣言#,1.22,人民日报,https://weibo.com/2803301701/IqHtlv14B?type=repost,
,新冠肺炎,,#致敬白衣战士#【心疼！这是#抗疫一线90后护士的手#】,1.22,人民日报,https://weibo.com/2803301701/IqHIxxsFX?type=repost,
,新冠肺炎,,#武汉要求全市在公共场合佩戴口罩#,1.22,人民日报,https://weibo.com/2803301701/IqHYM0Tem?type=repost,
,新冠肺炎,,#新型肺炎已致湖北17人死亡#,1.22,人民日报,https://weibo.com/2803301701/IqI6mFRjL?type=repost,
,新冠肺炎,,#河北确诊首例新型肺炎病例#,1.22,人民日报,https://weibo.com/2803301701/IqIgXzszS?type=repost,
,新冠肺炎,,#江苏确诊首例新型肺炎病例#,1.23,人民日报,https://weibo.com/2803301701/IqILn7lfp?type=repost,
,新冠肺炎,,#全国确诊550例新型肺炎病例#,1.23,人民日报,https://weibo.com/2803301701/IqIXTkU79?type=repost,
,新冠肺炎,,#广西新增3例新型肺炎确诊病例#,1.23,人民日报,https://weibo.com/2803301701/IqJb3e4em?type=repost,
,新冠肺炎,,周知！#武汉公交地铁轮渡长途客运23日起停运#,1.23,人民日报,https://weibo.com/2803301701/IqJCvwRuB?type=repost,
,新冠肺炎,,武汉现场：#武汉对进出城车辆人员进行疫情排查#,1.23,人民日报,https://weibo.com/2803301701/IqLsT4ihR?type=repost,
,新冠肺炎,,转起#致敬所有防疫一线医务工作者#！,1.23,人民日报,https://weibo.com/2803301701/IqLTGDGE9?type=repost,
,新冠肺炎,,国家卫健委：#全国确诊571例新型肺炎病例# 死亡17例,1.23,人民日报,https://weibo.com/2803301701/IqM0Xyety?type=repost,
,新冠肺炎,,卫健委通报#湖北17例死亡病例病情#,1.23,人民日报,https://weibo.com/2803301701/IqMhndHj4?type=repost,
,新冠肺炎,,#山东新增确诊病例4例#：#山东累计确诊病例6例#,1.23,人民日报,https://weibo.com/2803301701/IqMOu0ihd?type=repost,
,新冠肺炎,,#广东新增确诊病例6例#：#广东累计确诊病例32例#,1.23,人民日报,https://weibo.com/2803301701/IqN3nFhUq?type=repost,
,新冠肺炎,,#全国确诊新型肺炎病例#【#吉林确诊首例新型病毒肺炎病例#】,1.23,人民日报,https://weibo.com/2803301701/IqNaBocPC?type=repost,
,新冠肺炎,,#全国确诊新型肺炎病例#【#内蒙古发现1新型肺炎疑似病例#】,1.23,人民日报,https://weibo.com/2803301701/IqNeKbnpv?type=repost,
,新冠肺炎,,不用恐慌！#武汉新型肺炎防控指挥部第2号通告#,1.23,人民日报,https://weibo.com/2803301701/IqNjUslVS?type=repost,
,新冠肺炎,,收藏！#春节期间如何预防新型肺炎#,1.23,人民日报,https://weibo.com/2803301701/IqNuI47v9?type=repost,
,新冠肺炎,,#全国确诊新型肺炎病例#【#安徽新增确诊病例8例#】,1.23,人民日报,https://weibo.com/2803301701/IqNGBkQvA?type=repost,
,新冠肺炎,,好消息！#温州首例新型肺炎确诊患者基本痊愈#,1.23,人民日报,https://weibo.com/2803301701/IqNOjomoV?type=repost,
,新冠肺炎,,转发辟谣！#在武汉上空播撒消毒粉液是谣言#,1.23,人民日报,https://weibo.com/2803301701/IqNYBEik2?type=repost,
,新冠肺炎,,#甘肃发现首例新型肺炎疑似病例#：曾与来自武汉人员同桌就餐,1.23,人民日报,https://weibo.com/2803301701/IqO22r0Ko?type=repost,
娱乐,非,,【#多部电影撤出春节档#】电影《夺冠》、《囧妈》、《姜子牙》、《熊出没》均宣布撤出春节档。 #姜子牙撤出春节档# ​​​​,1.23,人民日报,https://weibo.com/2803301701/IqO4h3L89?type=repost,
娱乐,非,,【#唐人街探案撤出春节档#】刚刚，唐人街探案3声明撤出春节档、此前，电影《夺冠》、《囧妈》、《姜子牙》、《熊出没》均宣布撤出春节档。#多部电影撤出春节档# ​​​​,1.23,人民日报,https://weibo.com/2803301701/IqO5epAmX?type=repost,
,新冠肺炎,,#第3版新型肺炎诊疗方案#公布：#出现无武汉旅行史确诊病例#,1.23,人民日报,https://weibo.com/2803301701/IqOaz3fR5?type=repost,
运输,非,,最新消息！#湖北高速开始封闭#,1.23,人民日报,https://weibo.com/2803301701/IqOh8hltq?type=repost,
娱乐,非,,【#春节档电影全部撤档#】《姜子牙》、《熊出没》、《囧妈》、《唐人街探案3》、《夺冠》、《急先锋》、《紧急救援》陆续宣布撤档。至此，原定于2020年春节上映的七部大片集体退出春节档。#各大片方开启退票流程#，最大限度降低观众损失。 ​​​​,1.23,人民日报,https://weibo.com/2803301701/IqOn1aQ8W?type=repost,
,新冠肺炎,,中国邮政：#经武汉邮件将进行二次消毒#,1.23,人民日报,https://weibo.com/2803301701/IqOrbtjce?type=repost,
,新冠肺炎,,国家卫健委：#已出现无武汉旅行史的确诊病例#,1.23,人民日报,https://weibo.com/2803301701/IqOPqBann?type=repost,
,新冠肺炎,,不计生死！#武汉7名医生在请战书上按下红手印#,1.23,人民日报,https://weibo.com/2803301701/IqOWriZ6O?type=repost,
,新冠肺炎,,#全国确诊新型肺炎病例# 【湖北新增新型肺炎病例69例 #武汉新增新型肺炎死亡8例#】,1.23,人民日报,https://weibo.com/2803301701/IqP0TApdL?type=repost,
,新冠肺炎,,#防控肺炎父母不听劝怎么办#？年轻人家庭防控5项建议↓↓↓,1.23,人民日报,https://weibo.com/2803301701/IqPgDjpke?type=repost,
,新冠肺炎,,#深圳两名新型肺炎确诊病例出院#,1.23,人民日报,https://weibo.com/2803301701/IqPBYdZXI?type=repost,
,新冠肺炎,,#全国确诊新型肺炎病例#【#陕西确诊3例新型肺炎病例#】,1.23,人民日报,https://weibo.com/2803301701/IqPMidEzh?type=repost,
娱乐,非,,#2020春晚节目单公布#,1.23,人民日报,https://weibo.com/2803301701/IqPUf6uE9?type=repost,
,新冠肺炎,,国家卫健委专家组成员#李兰娟新型肺炎答疑10问#,1.23,人民日报,https://weibo.com/2803301701/IqPY2mZ0e?type=repost,
,新冠肺炎,,转！#新冠肺炎防控贴士#，面对疫情我们至少可以这么做,1.23,人民日报,https://weibo.com/2803301701/IqQ4mrz2o?type=repost,
,新冠肺炎,,转发辟谣！#这些新冠肺炎传言是假的#,1.23,人民日报,https://weibo.com/2803301701/IqQ96tjrl?type=repost,
,新冠肺炎,,#各地医生驰援湖北#,1.23,人民日报,https://weibo.com/2803301701/IqQHcFDx2?type=repost,
,新冠肺炎,,#各地医生驰援湖北#【南方医院千名医护人员请战抗击新型肺炎】,1.23,人民日报,https://weibo.com/2803301701/IqQMKmLMH?type=repost,
,新冠肺炎,,#各地医生驰援湖北#【四川派出135人组建第一批援助湖北医疗队】,1.23,人民日报,https://weibo.com/2803301701/IqRnp1phi?type=repost,
,新冠肺炎,,#各地医生驰援湖北#【没有被禁锢的城，只有不离开的爱！】 ​​​​,1.23,人民日报,https://weibo.com/2803301701/IqRso3TiU?type=repost,
,新冠肺炎,,微倡议：#从武汉回来请自行隔离#,1.23,人民日报,https://weibo.com/2803301701/IqRN3mrgi?type=repost,
,新冠肺炎,,证据确凿！#新冠肺炎病毒来自野生动物#,1.23,人民日报,https://weibo.com/2803301701/IqRXZdcQr?type=repost,
,新冠肺炎,,#财政部拨10亿补助湖北防控疫情#,1.23,人民日报,https://weibo.com/2803301701/IqS1gbd6u?type=repost,
,新冠肺炎,,#全国确诊新型肺炎病例#【#广西新增新冠肺炎确诊病例8例#】,1.24,人民日报,https://weibo.com/2803301701/IqSJAANR5?type=repost,
,新冠肺炎,,#全国确诊新型肺炎病例#【#29省累计新冠肺炎确诊病例830例#】,1.24,人民日报,https://weibo.com/2803301701/IqVoDcUfb?type=repost,
,新冠肺炎,,#全国确诊新型肺炎病例#【#全国新型肺炎死亡25例#】,1.24,人民日报,https://weibo.com/2803301701/IqVvGcyC0?type=repost,
,新冠肺炎,,【#新冠肺炎防控知识手册#，有效防控，转发周知！】,1.24,人民日报,https://weibo.com/2803301701/IqVKUhHyO?type=repost,
,新冠肺炎,,#湖北一家三口去山东过年被举报# 警方：已采取防控措施,1.24,人民日报,https://weibo.com/2803301701/IqW68ptD8?type=repost,
,新冠肺炎,,#湖北黄石全市道路客运停运#【#湖北10市公共交通停运#】,1.24,人民日报,https://weibo.com/2803301701/IqWafp88Z?type=repost,
,新冠肺炎,,#全国确诊新型肺炎病例#【#内蒙古确诊首例新冠肺炎#】,1.24,人民日报,https://weibo.com/2803301701/IqWzGsqlr?type=repost,
,新冠肺炎,,#发热咳嗽患者就诊指引#【转存！北京卫健委公布#发热咳嗽自我评估方法#】,1.24,人民日报,https://weibo.com/2803301701/IqWFSiqgw?type=repost,
,新冠肺炎,,#抗击新型肺炎我们在行动# 【#湖北黄冈发布捐赠电话#】,1.24,人民日报,https://weibo.com/2803301701/IqX7EpMyl?type=repost,
,新冠肺炎,,#国务院征集漏报瞒报问题线索#【#国务院征集新冠肺炎防控不力问题线索#】,1.24,人民日报,https://weibo.com/2803301701/IqXbop3wg?type=repost,
,新冠肺炎,,【#首株新型冠状病毒毒种信息#公布】,1.24,人民日报,https://weibo.com/2803301701/IqXexFDaC?type=repost,
,新冠肺炎,,重磅！#发热咳嗽非新冠肺炎唯一首发症状#,1.24,人民日报,https://weibo.com/2803301701/IqXhUBlFM?type=repost,
,新冠肺炎,,好消息！#武汉一新冠肺炎感染者出院#,1.24,人民日报,https://weibo.com/2803301701/IqXkdCmXI?type=repost,
,新冠肺炎,,#河南发布疫情预防短信#】近日，河南网友纷纷晒出收到的新冠肺炎预防提示短信，为防治疫情，河南多措并举。,1.24,人民日报,https://weibo.com/2803301701/IqXxVbjtq?type=repost,
,新冠肺炎,,#武汉小汤山模式医院开建#。时间不等人！福安中国，#武汉加油#！ ​​​​,1.24,人民日报,https://weibo.com/2803301701/IqXCxu1ih?type=repost,
,新冠肺炎,,#武汉免费心理热线电话#【扩散这个号码！武汉市民出现严重心理危机，请拨打027-85844666】,1.24,人民日报,https://weibo.com/2803301701/IqXOfeqiB?type=repost,
,新冠肺炎,,人社部：企业#不得开除因疫情影响上班员工#,1.24,人民日报,https://weibo.com/2803301701/IqXQEcsW0?type=repost,
,新冠肺炎,,扩散周知！#国务院征集漏报瞒报问题线索#,1.24,人民日报,https://weibo.com/2803301701/IqXZ71mCG?type=repost,
,新冠肺炎,,【#多地启动一级响应#】1月23日至24日，浙江、广东、湖南、湖北、安徽、天津、北京、上海已先后启动重大突发公共卫生事件一级响应。 ​​​​,1.24,人民日报,https://weibo.com/2803301701/IqY9R2cgB?type=repost,
,新冠肺炎,,#抗击新型肺炎我们在行动#【#湖北鄂州公布捐赠电话#】,1.24,人民日报,https://weibo.com/2803301701/IqYlziV2P?type=repost,
,新冠肺炎,,速扩！#急寻23日G1278次2号车厢乘客#！,1.24,人民日报,https://weibo.com/2803301701/IqYnzq9QV?type=repost,
,新冠肺炎,,#抗击新型肺炎我们在行动#【速扩！#武汉多家医院急需防护物资#】,1.24,人民日报,https://weibo.com/2803301701/IqYqEjlRF?type=repost,
,新冠肺炎,,【扩散！#武汉协和医院最新治疗方案#】转发周知！ ​​​​,1.24,人民日报,https://weibo.com/2803301701/IqYxcEt2D?type=repost,
,新冠肺炎,,【痛定思痛 转发倡议！】全社会行动起来：#拒吃野味从我做起#！#支持禁绝野味市场#！ ​​​​,1.24,人民日报,https://weibo.com/2803301701/IqYFVlhSM?type=repost,
,新冠肺炎,,#青海发现首例新型肺炎疑似病例# 患者27岁,1.24,人民日报,https://weibo.com/2803301701/IqZ8J14Pl?type=repost,
,新冠肺炎,,【转发提醒！#抗击新冠肺炎关注独居老人#！】@ 各相关部门，关注武汉乃至全国的独居老人，及时发放口罩及宣传册，共同抗击新冠肺炎！,1.24,人民日报,https://weibo.com/2803301701/IqZpXxmGT?type=repost,
,新冠肺炎,,震撼画面！决战武汉“小汤山”，#两公里工程车队逆向而行#,1.24,人民日报,https://weibo.com/2803301701/IqZxzr7Dt?type=repost,
,新冠肺炎,,#各地医生驰援湖北#【#江苏首批135人医疗队支援湖北#】,1.24,人民日报,https://weibo.com/2803301701/IqZHRpQHU?type=repost,
,新冠肺炎,,#废弃口罩如何正确处理#，扩散正确做法！,1.24,人民日报,https://weibo.com/2803301701/IqZOOektH?type=repost,
,新冠肺炎,,#武汉小汤山医院定名火神山医院#  可容纳1000张床位,1.24,人民日报,https://weibo.com/2803301701/IqZRK0kmM?type=repost,
社会,非,,#春晚历史上首次没有彩排的片段#,1.24,人民日报,https://weibo.com/2803301701/Ir0mamcty?type=repost,
社会,非,,收好！今年#春节最流行的拜年姿势#来了~ ​​​​,1.24,人民日报,https://weibo.com/2803301701/Ir0JRAtHP?type=repost,
,,微博个人认证,一个很直观的视频，告诉你为什么要“七步洗手”↓↓↓ #科学抗击疫情##返朴解惑新型肺炎##好好洗手大挑战#,3.23,返朴,https://weibo.com/7006367380/IzTmMndhW?type=repost,
娱乐,,微博官方认证,美国流行音乐巨星、词曲作家、音乐制作人及演员LadyGaga 将于美国东部时间4月18日星期六参加@世界卫生组织 与全球公民（Global Citizen）公益组织合作举办的“同一世界: 团结在家”（One World: Together at Home）线上特别慈善音乐会的演出。音乐会将在全球各地各社交平台以及电视网播出，包括@阿里巴巴 与@腾讯音乐娱乐 ，以向#抗击新型肺炎第一线# 的工作人员致敬，并为#新冠肺炎# #抗疫行动# 筹集善款，例如帮助购买诊断试剂盒、医务工作者的防护用品和支持研发。,4.7,联合国,https://weibo.com/1709157165/ICamFvWYj?refer_flag=1001030103_&type=repost,
,,微博个人认证,"妹妹们的日常工作其实真的很辛苦，工作需要三班倒，因为24小时病人都需要有人照顾
隔离区内很多工人的活也需要护士代劳，比如清洁，搬运垃圾，清洁打包尸体，是的没看错
很多妹妹真的很年轻，18，19岁也就是00后就随队支援湖北。
她们很多事都不清楚，也很害怕，湖北本地的医护姐姐们就手把手教她们，互相打气做“尸体料理”",2.21,梁钰stacey,https://weibo.com/1306934677/IvfaqAebc?refer_flag=1001030103_&type=repost,
,,微博官方认证,【#外籍人士统一纳入北京防控体系# 中外一致一视同仁】,4.5,BTV特别关注,https://weibo.com/1571743761/IBVZVxjHe?refer_flag=1001030103_&type=repost,
,,微博官方认证,【警惕骗局！邪教宣称能拯救信徒于新冠病毒肺炎】,4.8,中国反邪教,https://weibo.com/1590753120/ICnrGfp4t?type=repost,
娱乐,,微博官方认证,#华晨宇为抗疫写歌# @华晨宇yu 为新型肺炎患者创作公益歌曲《你要相信这不是最后一天》歌词公开，未来还很远，只要爱与信念永不停歇，美好就一定不会终结[心]#华晨宇 你要相信这不是最后一天# ​,2.20,娱乐有饭,https://weibo.com/1893711543/Iv6sy6nHW?type=repost,
娱乐,,微博官方认证,#华晨宇为抗疫写歌# @华晨宇yu 公益新歌歌词公开！此次，他聚焦新型肺炎患者的内心世界，借音乐表达爱与力量，希望大家都能坚守信念，不放弃自己，为生的希望抗争到底。花花社会责任感优秀,2.20,网易娱乐频道,https://weibo.com/2674977220/Iv6swARQB?type=repost,
娱乐,,微博官方认证,张艺兴#湖南防控新型肺炎#【只要我们在一起，一切，会好的】乌云笼罩下，用希望驱散阴霾；黑夜漫长时，用勇敢静待花开！张艺兴@努力努力再努力x 歌曲《会好的》，纵眼下长夜漫长，却始终相信曙光就在前方”，加油！,2.20,新浪湖南,https://weibo.com/2311694415/Iv5sFqP72?type=repost,
,,微博官方认证,#韩红爱心驰援武汉##抗击新型肺炎我们在行动# 0220项目实时进展,2.20,韩红爱心慈善基金会 ,https://weibo.com/2684793101/Iv7kQm2oN?type=repost,
,,微博官方认证,【特制视频，德云社@孟鹤堂 为97年的她点赞！】2月19日，正在参与救治新型冠状病毒肺炎患者的天津支援湖北医疗队队员王蕊收到了德云社相声演员孟鹤堂 为她录制的视频，收到自己喜欢的相声演员的点赞，王蕊开心不已。,2.19,津云,https://weibo.com/2967529507/IuYuPvDS6?type=repost,
,,微博个人认证,近7成明星出国“避难”引发热议：老百姓在家，明星乱跑？今年因为新型肺炎的原因，大部分网友都选择听专家的建议，不出门，不聚餐。,2.19,娱扒光,https://weibo.com/1659928803/IuTfngBmW?refer_flag=1001030103_&type=repost,
,,微博官方认证,#王凯影迷争捐呼吸机# 演员@王凯kkw 先生，有一群可爱的散装影迷朋友，还有十分支持她们公益行动的家属。截至目前，他们已经累积向湖北省内疫区医院捐赠了35台呼吸机，总金额达207900元，谢谢这些有爱的人们！愿我们的益路同行，可以帮助新型肺炎患者顺畅呼吸，早日康复,2.20,大爱清尘,https://weibo.com/2154411657/Iv5uxA9VB?refer_flag=1001030103_&type=repost,
,,微博官方认证,"感恩有你，盼你平安。
新型冠状病毒肺炎疫情发生以来，欧舒丹始终关注着疫情前线的需要。当得知一线医生护士因长期戴手套与频繁消毒而双手受损时，欧舒丹紧急调集10,000支乳木果大白润肤露及乳木果经典护手霜，携手@上海宋庆龄基金会，捐赠给武汉新型冠状病毒救治定点医院，及上海驰援武汉医疗队。希望我们的绵薄之力，能给奋战中的医护人员带去一份温暖与支持！#抗击新型肺炎我们在行动# ",2.20,普罗旺斯欧舒丹,https://weibo.com/2659749693/Iv2Cy6HX1?refer_flag=1001030103_&type=repost,
,,普通用户,"转发，已经校友会核实。 求救求救！
武汉大学资环学院赵玉华教授不幸罹患新型冠状病毒肺炎( 其全家感染，爱人何志教授已于2月3号不幸离世 )，赵老师目前在中南医院重症监护室抢救，生命垂危，急需O型血康复者捐献血浆救命，恳请大家伸出救命之手",2.20,黄思敏_,https://weibo.com/2586514334/Iv5QRlN2E?refer_flag=1001030103_&type=repost,
,,微博官方认证,【扩散！#一图看懂新型冠状病毒肺炎#】,1.20,微博热点,https://weibo.com/2431328567/IqpoCztBg?type=repost,
,,普通用户,"武汉站下高铁后看到，出站人群里戴口罩的不超过20%，接站的本地人戴口罩的很少。
工作人员部分佩戴外科口罩，应该是统一发放的，但显然没有强制要求，也没有向他们强调重要性。
武汉人对这场疫情的认识严重不足，过于松懈！",1.20,coffee2046,https://weibo.com/1651358143/Iqpo5t98F?type=repost,
,,微博个人认证,❗❗❗看了钟南山院士的直播，然后我总结了关于这次新型冠状病毒肺炎的几个点。重中之重：会出现人传人的现象，大家一定一定一定提高警惕！！！,1.20,姨太的吃瓜大会,https://weibo.com/1895944731/Iqpk3uN28?refer_flag=1001030103_&type=repost,
,,微博个人认证,#国内确诊291例新型冠状病毒肺炎病例# 经历过2003年非典疫情的人对冠状病毒不会陌生。那场可怕传染病的病原体正是一种冠状病毒。如今，与SARS病毒相近的新型冠状病毒在中国大陆卷土重来，我们应该怎样应对？,1.20,返朴,https://weibo.com/7006367380/IqlB51UgU?refer_flag=1001030103_&type=repost,
,,微博官方认证,#新型肺炎检测试剂盒公司全员加班#：每天睡2-3小时，春节不放假,1.21,头条新闻,https://weibo.com/1618051664/IqyAUev9A?refer_flag=1001030103_&type=repost,
,,微博官方认证,注意！活性炭口罩、棉布口罩防不了呼吸道传染病,1.21,新浪视频,https://weibo.com/1640601392/Iqyypofgv?refer_flag=1001030103_&type=repost,
,,微博官方认证,吸烟、室内煮醋、吃维C、喝板蓝根能有效预防新型肺炎病毒吗？答案是：不能！,1.21,果壳,https://weibo.com/1850988623/IqyjJ1HxY?type=repost,
,,微博个人认证,『全国新型肺炎疫情实时动态 - 丁香园·丁香医生』,1.21,山新,https://weibo.com/1470809487/Iqyn3e6M6?type=repost,
,,微博官方认证,大麦网针对新型肺炎疫情在春节期间的退票政策,1.21,大麦官博,https://weibo.com/1722647874/IqyOe9KjN?refer_flag=1001030103_&type=repost,
,,微博官方认证,#抗非典护士再战新型肺炎#：取消休假，退了去看女儿的机票,1.22,一手Video,https://weibo.com/5943595658/IqIgGpgZx?refer_flag=1001030103_&type=repost,
,,微博个人认证,家里有老人不相信这次事件严重性的，还坚持不戴口罩的可以让他看看这个视频。,1.22,鲨鱼电影,https://weibo.com/3160092671/IqI4ei5h8?refer_flag=1001030103_&type=repost,
,,微博官方认证,截至1月22日22时45分，#全国共确诊新型冠状病毒肺炎544例#，累计死亡17例。 ​,1.22,环球时报,https://weibo.com/1974576991/IqIk8EhQn?type=repost,
,,微博个人认证,【#主持人称中国应对滞后#？日本专家当场表态：非常迅速】,1.22,上帝之鹰_5zn,https://weibo.com/1647486362/IqI0K45Ty?refer_flag=1001030103_&type=repost,
,,微博个人认证,#全国已确诊473例新型肺炎病例# #新型肺炎已致湖北17人死亡# 大家都知道新型肺炎冲在第一线的都是医生护士 然而我姐今天从医院回来说 她们医院给医护人员准备的四百个口罩被病人家属偷光了 只剩下几个刚好够他们上班用还不能更换[微笑]医院采购部还在对外高价采购口罩[微笑]多么可笑啊[微笑],1.22,小水晶-Yuzuru ,https://weibo.com/3310840555/IqIeBjYyo?type=repost,
,,微博个人认证,#全国确诊新型肺炎病例#河南出租车司机疑似拉到武汉回家的感冒患者，拒载以后果断报警…,1.23,1024专员,https://weibo.com/6420207784/IqRcO9CEn?type=repost,
,,微博个人认证,泪目！！武汉86岁老专家全副武装坚持坐诊，他说不能辜负了病人的信任！我们一起为他点赞,1.23,电影热映榜,https://weibo.com/5734902494/IqRqn5KXN?type=repost,
,,微博官方认证,#湖南防控新型肺炎# #同江同湖同舟共济# #如何正确预防新型肺炎#面对新型冠状病毒，如何做好防范？我们倡导大家戴口罩、勤洗手、少出门，注意个人卫生，保护自己、保护家人、保护他人。,1.23,湖南卫视,https://weibo.com/1638629382/IqQLE67f7?type=repost,
,,微博官方认证,【最高可判7年！从现在起，恶意逃离武汉，造成新型冠状病毒传播的，可能构成犯罪！】,1.23,河南法制报,https://weibo.com/1479040710/IqPN5jdTx?refer_flag=1001030103_&type=repost#_rnd1604392978676,
,,微博个人认证,【家人或者自己（疑似）感染了冠状病毒肺炎，但是医院满了收不了，咋办？】,1.23,李子李子短信 ,https://weibo.com/1689664143/IqKI80ZDB?refer_flag=1001030103_&type=repost,
,,微博官方认证,#武汉小汤山年夜饭#武汉“小汤山”医院开建，施工工人路边站立吃年夜饭。#聚焦新型肺炎#,1.24,新京报我们视频,https://weibo.com/6124642021/Ir0cGlGMy?type=repost,
,,微博官方认证,【#医生详述新冠肺炎治疗过程#：绝大部分肺炎患者能治愈】,1.24,一手Video,https://weibo.com/5943595658/Ir13CnuL7?refer_flag=1001030103_&type=repost,
,,微博个人认证,#抗击新型肺炎第一线# 除夕之夜，军医出征 ​,1.24,寰亚SYHP,https://weibo.com/5393135816/Ir0BCCxiM?type=repost,
,,微博个人认证,好消息：现在武汉最缺的就是物资！物资！！除夕今夜，上海正在下大雨，上海第二军医大学150名人民解放军医护人员，军用包机直飞武汉。,1.24,旅行厨男,https://weibo.com/3551109611/Ir13JrP1y?type=repost,
,,微博个人认证,解放军出征抗击新型肺炎最前线。养兵千日，用兵一时。大赞人民子弟兵！,1.24,胡锡进,https://weibo.com/1989660417/Ir16r0g5f?type=repost,
娱乐,,微博个人认证,"#90后医护人员把名字写在防护服##全国确诊新型肺炎病例##发热咳嗽非新冠肺炎唯一首发症状#
这17年的电视剧，请问编剧是穿越了吗？名字都一样",1.24,综艺情报社,https://weibo.com/6206230108/Ir0b6eYzj?type=repost,
,,微博官方认证,#王一博发新型肺炎预防宣传片# ,1.24,上海消防,https://weibo.com/2294165474/IqYdN7aKx?type=repost,
,,微博官方认证,#抗击新型肺炎我们在行动# 今晚，腾讯公益慈善基金会宣布捐赠3亿元人民币，设立第一期新型肺炎疫情防控基金。,1.24,腾讯公司,https://weibo.com/1846456085/Ir0759njw?type=repost,
,,微博个人认证,#马丽沈腾小品应景# #全国确诊新型肺炎病例#今天是除夕，合家团圆的日子，可看到图二图三的微博真让人受不了，对抗疫情一线肯定不能像家里那么舒适，但是除夕的年夜饭能不能让医生护士们吃的稍微像一点样子,1.24,曾鹏宇,https://weibo.com/1407132951/Ir0L9mvDh?type=repost#_rnd1604454757405,
,,微博个人认证,李佳琦和薇娅都给武汉捐了医疗物资。,1.24,吃瓜群众CJ,https://weibo.com/1885688010/Ir0tR22pT?refer_flag=1001030103_&type=repost#_rnd1604454709079,
,,微博个人认证,"祝你新年快乐！
在这里首先祝大家过个好年。
我非常担心现在武汉发生的新型冠状病毒肺炎的情况。
希望大家保护好自己，平安健康。",1.24,坂本龙一_RyuichiSakamoto,https://weibo.com/7335367665/Ir0wdyDd5?type=repost,
,,微博官方认证,#新型冠状病毒感染肺炎#【#重症隔离病房中的除夕#】万家灯火、阖家欢聚的除夕夜，深处疫情防控一线的他们却无法与家人团聚，毅然守护在病患床前。在武汉中南医院重症隔离病房内，医护团队正在全力抢救肺炎重症患者。,1.24,观察者网,https://weibo.com/1887344341/Ir0thhba6?type=repost,
,,微博个人认证,#150名解放军医护人员包机飞武汉# #全国确诊新型肺炎病例#除夕夜，陆军军医，他们出征！,1.24,一号哨位 ,https://weibo.com/5185680075/Ir143xKuc?type=repost,
,,微博官方认证,今晚，腾讯公益慈善基金会宣布捐赠3亿元人民币，设立第一期新型肺炎疫情防控基金。,1.24,腾讯视频,https://weibo.com/2591595652/Ir0EXf9Sd?type=repost#_rnd1604454607216,
,,微博官方认证,#强武堂##全国确诊新型肺炎病例# 给大家相告，我人民子弟兵要开拔到武汉了。,1.24,强武堂,https://weibo.com/2452030341/Ir0hO04Fz?refer_flag=1001030103_&type=repost#_rnd1604454583964,
,,微博个人认证,#Stone小百科#--新型肺炎的症状不只是发烧咳嗽，大家留个心眼，积极自检哦。下面每张图都是A4大小，大家很方便可以打印出来张贴对照。,1.24,二混子--Stone ,https://weibo.com/1773261093/Ir0KFvmmK?type=repost#_rnd1604454554679,
,,微博官方认证,网络拜年也挺好！#河北多村封路派人值守拦车#，村民：拜年的不准进俺们村,1.25,梨视频,https://weibo.com/6004281123/Ir6ZpuC8H?refer_flag=1001030103_&type=repost,
,,微博官方认证,【#东莞真硬核#呼吁市民春节“宅”在家：#安安静静做个健康小胖#】,1.25,广东共青团,https://weibo.com/1910695630/IraoMgq1i?type=repost#_rnd1604454501607,
,,微博个人认证,#全国确诊新型肺炎病例# 哽咽，泪目！老爷爷早日康复,1.25,大连成,https://weibo.com/5342168018/Ir74l2Kl3?type=repost,
,,微博个人认证,"#最小新型肺炎确诊病例仅2岁#请放下你的盲目自信 请照顾好自己和家人
对自己和家人朋友负责！
能让武汉封城、北京所有庙会取消、上海迪斯尼关闭、贺岁电影全部下架、全国戒备百城空港！！",1.25,辰星综艺速递 ,https://weibo.com/3969824187/Ir6MFFGqQ?type=repost,
,,微博官方认证,新型肺炎的疫情牵动着每一个人的心，作为一家深耕医疗领域的慈善基金会，微笑明天已经立刻行动起来 ，目前我会已经通过各类渠道积极筹措物资，并将与湖北红十字会联合执行 。,1.25,微笑明天慈善基金会,https://weibo.com/5699448095/Ira1ExIOV?type=repost,
,,微博个人认证,关于新型肺炎，武汉最新真实情况！ 图片来自@白帽蓝衣 ​,1.25,贼叉,https://weibo.com/1700040344/IralUpNyX?type=repost#_rnd1604455675330,
,,微博个人认证,王俊凯谈新型肺炎，“对于我这一代人来说，这也是刚刚经历很大的一个事件了，03年太小了,1.25,伊丽莎白骨精啊 ,https://weibo.com/6470919752/Ir6oCibMh?refer_flag=1001030103_&type=repost,
,,微博官方认证,【武汉市第五人民医院求助！防护物资短缺，连垃圾袋都用上了】武汉市第五人民医院，现在出现严重防护物资短缺，现在连垃圾袋都用上了……希望能得到紧急求助。图片里有联系方式。,1.25,深蓝财经,https://weibo.com/1961718870/Ira2bC9pZ?type=repost#_rnd1604455777900,
,,微博官方认证,"【美的捐赠火神山医院所需家电产品】
#抗击新型肺炎企业公益在行动#
新型冠状病毒感染的肺炎疫情牵动着美的人的心。",1.25,美的集团,https://weibo.com/1740248463/Ir7taw4Ko?refer_flag=1001030103_&type=repost#_rnd1604455928861,
,,微博个人认证,"【转发传递正能量】#抗击新型肺炎我们与武汉人民在一起#
买不到大量物资但也希望能尽一份绵薄之力 在此我向武汉慈善总会新冠肺炎专项资金捐款100万元 用于抗击病毒",1.25,Lin张林超 ,https://weibo.com/1726349245/Ira338V4U?refer_flag=1001030103_&type=repost#_rnd1604456027827,
,,微博个人认证,"#抗击新型肺炎我们在行动# #全民口罩行动#
特殊时期，一定要格外注意，我们一起行动",1.26,杨幂,https://weibo.com/1195242865/IrjGGk8xX?type=repost#_rnd1604456664103,
,,微博官方认证,【#湖北省长表示痛心内疚自责#】,1.26,每日经济新闻,https://weibo.com/1649173367/Irk0QB3EQ?type=repost,
,,微博官方认证,【武汉父母#强行带疑染新型肺炎孩子离境被捕#】,1.26,新京报我们视频,https://weibo.com/6124642021/Irk21iABr?refer_flag=1001030103_&type=repost,
,,微博官方认证,【#新型肺炎确诊病例首现9个月婴儿#】1月26日18时至21时，北京新增5例新型冠状病毒感染的肺炎病例，其中有一名9个月大女婴。,1.26,央视新闻,https://weibo.com/2656274875/Irk2xbcqL?type=repost#_rnd1604457927298,
,,微博个人认证,#抗击新型肺炎我们在行动# #全民口罩行动# 戴口罩 好好戴口罩 快一起看看！,1.26,周冬雨,https://weibo.com/1916655407/IrjIObsUm?type=repost#_rnd1604457969803,
,,微博个人认证,#抗击新型肺炎我们在行动# #全民口罩行动# 戴口罩、勤洗手、少聚集、不信谣，这个特殊的春节，保护好自己，我们一起加油,1.26,景甜,https://weibo.com/1270344441/IrjUqxRzh?type=repost#_rnd1604457999533,
,,微博官方认证,【武汉父母#强行带疑染新型肺炎孩子离境被捕#】,1.26,世面,https://weibo.com/5336533996/Irk1g2E93?refer_flag=1001030103_&type=repost,
,,微博个人认证,#全民口罩行动##抗击新型肺炎我们在行动#春节期间减少聚会，出门携带口罩，对自己和他人负责,1.26,颖儿Yinger,https://weibo.com/1653556670/IrjST7Hlo?type=repost#_rnd1604458120664,
娱乐,,微博个人认证,"宅在家里的人，此条必马！过年在家看电影！
我整理了100部值得看的好剧好片[心]
都是我的精挑细选！啥类型都有，我敢说你随便挑一部看都是好看的[ok]
快来看看这里面你看过哪几部？
也欢迎大家继续补充好剧！
对于新型肺炎，我们唯一能做的就是好好呆在家里，这样才能保护好自己和家人，不添乱。
看到多所高校延期开学，真的请大家不要过度害怕，调节好自己的情绪，所有人都在努力着配合着，武汉加油",1.26,牛奶少女丶,https://weibo.com/2176645133/IrgcFudEo?refer_flag=1001030103_&type=repost#_rnd1604458203211,
,,微博官方认证,心系武汉，B站行动！#抗击新型肺炎企业公益在行动# ​,1.26,哔哩哔哩弹幕网,https://weibo.com/1748075785/IrbK0qfTG?type=repost#_rnd1604458273071,
,,微博个人认证,"​​​#全民口罩行动# #抗击新型肺炎我们在行动#
勤洗手 戴口罩 尽量减少外出和聚餐 就是保护家人和自己
武汉加油！ 中国加油！",1.27,谭松韵seven,https://weibo.com/1307418975/Irt7p8Myd?type=repost#_rnd1604460121526,
,,微博个人认证,#抗击新型肺炎我们在行动# #全民口罩行动#非常时期，我们一起行动！携手共渡难关,1.27,江疏影,https://weibo.com/1549364094/IrtdJcw4p?type=repost#_rnd1604460171016,
,,微博个人认证,#抗击新型肺炎我们在行动##全民口罩行动# 万众一心,1.27,努力努力再努力x,https://weibo.com/2706896955/Irt72mSxV?type=repost#_rnd1604460210932,
,,微博官方认证,#上海市研制出抗病毒喷剂# 【可用于新型冠状病毒肺炎应急病房职业防护，上海市公共卫生临床中心研制出抗病毒喷剂】,1.27,环球网,https://weibo.com/1686546714/Irt9gB5Y7?refer_flag=1001030103_&type=repost#_rnd1604460261197,
,,微博官方认证,【直播：#白岩松再次连线专家解读疫情# 】今晚，央视新闻频道《新闻1+1》持续关注疫情进展，白岩松将连线权威专家，对相关问题进行解读。,1.27,四川观察,https://weibo.com/3203137375/IrsT1Btd5?type=repost,
,,微博官方认证,新型肺炎肆虐。这个春节尽量少出门吧。为了让各位家长和孩子一起度过一个充实的寒假，小编汇总了一系列精神食粮——顶级纪录片，供大家享用。从地理到人文，从艺术到历史，在家里就能陪孩子一边防疫一边长知识。,1.27,雪球,https://weibo.com/2183570524/IrsR6dGJS?type=repost,
,,普通用户,“行走的感染源”（移动的感染源）——新型肺炎传染扩大的原因：,1.27,shoronpo,https://weibo.com/5313636080/IrtkWBqIi?refer_flag=1001030103_&type=repost,
,,微博个人认证,#河南累计确诊新型肺炎增至128例#河南辉县市占城镇大赞#河南村长#暴躁的怒吼，希望这推广到河南每个村子，很多人依旧是该干啥干啥…,1.27,郑州大学城儿,https://weibo.com/5610970345/IroyvhEX2?type=repost,
,,微博个人认证,日本政府将于28号派出包机前往武汉迎接本国公民，由于去的时候飞机上没人没货物，飞机将装载大量口罩和防护服等物质，以支援武汉当地抗击新型肺炎。 ​,1.27,日本沙雕日常,https://weibo.com/5543176559/IrtjgjcX2?type=repost#_rnd1604460566979,
,,微博官方认证,#新型冠状病毒感染肺炎#【疫情会不会大暴发 #听听钟南山怎么说#】1月28日，钟南山院士就新型冠状病毒感染的肺炎疫情接受了新华社记者的专访。疫情会不会大暴发，让我们一起听听钟南山怎么说。,1.28,新华视点,https://weibo.com/1699432410/IrCogsS7B?type=repost,
,,微博个人认证,"就算 再艰难
爱 不会离开
I’ll Stay With You
@孫燕姿
@人民日报",1.28,林俊杰,https://weibo.com/1195354434/IrCDH0SUn?type=repost,
,,微博官方认证,【#房东给20多户租客免租1个月#：防疫期希望大家安心在家[赞]】,1.28,一手Video,https://weibo.com/5943595658/IrCLBsSZh?refer_flag=1001030103_&type=comment,
,,微博官方认证,【李兰娟：#离拥有疫苗已经很近了#，但还要有个过程】中国工程院院士、国家卫健委高级别专家组成员李兰娟在接受媒体采访时谈及新型肺炎疫苗研制进度。她表示，目前离拥有疫苗已经很近了，但还要有个过程。她说，真正拿到疫苗株可能还要一个月，检查检测等还要半个月，此外最少还要一个半月审批过程。,1.28,中国新闻社,https://weibo.com/3604378011/IrCr0D2qq?type=comment#_rnd1604542787401,
,,微博官方认证,“武汉是能过关的！武汉本来就是一个很英雄的城市！”说到武汉，他眼中含着泪花。,1.28,中国气象数据,https://weibo.com/5632570931/IrChxx2bx?type=comment,
,,微博官方认证,【#83岁拾荒大爷匿名捐款1万抗疫#，网友众筹还他后老人又捐出[泪]】,1.28,一手Video,https://weibo.com/5943595658/IrCDueFsG?refer_flag=1001030103_&type=comment,
,,微博个人认证,《新型冠状病毒肺炎预防手册》,1.28,王珞丹,https://weibo.com/1228486722/IrCQiemq4?type=comment#_rnd1604543081602,
,,微博个人认证,"钟南山发话前，武汉这位医生向附近学校发出疫情警报

中青.冰点周刊

这是一位坚守在抗击新型肺炎一线医生的自述。她经历了疫情初期所在医院的慌忙无措，和自己从医31年来最不平凡的除夕夜。",1.28,连鹏,https://weibo.com/1641428154/IrCaI765R?type=comment#_rnd1604543130192,
,,微博官方认证,#抗击新型肺炎我们在行动# 【全国地市级新型冠状病毒#疫情地图# 发布 公益机构助力疫情防控！】春节前夕，#新型冠状病毒# 引发的肺炎疫情持续升级。,1.28,蔚蓝地图,https://weibo.com/5042247906/IrzpynKq8?type=comment#_rnd1604543239703,
,,微博官方认证,【#全国人民花式抗疫大赏# 笑着笑着就哭了】,1.29,每日经济新闻,https://weibo.com/1649173367/IrLUQDdyE?type=comment,
,,微博个人认证,再发一遍：对于所谓”美国卫生部长在记者会上说，中国拒绝了美国疾控中心人员前往中国援助抗击疫情的提议”这个错误报道/谣言，我觉得有必要单独写一条。,1.29,凤凰王又又,https://weibo.com/6498373231/IrIick9A6?refer_flag=1001030103_&type=comment,
,,微博个人认证,"#口罩##普通人口罩不必一次一换#
还没有口罩的朋友，请一定要看！！！

新型肺炎疫情仍然比较严重，口罩等相关物资都比较紧缺，今天我要给大家分享一个自制口罩的小视频。利用身边常见的东西，每个人在家都能自制实用的口罩。",1.29,叶问lyl ,https://weibo.com/1207734705/IrLnIpHbF?type=comment,
,,微博官方认证,【上海医疗救治专家组组长：坚持一线战斗。共产党员上，没有讨价还价！】#上海新闻#在新型冠状病毒肺炎的治疗和防治过程中，医护人员承担了巨大的压力。今天（29日），上海医疗救治专家组组长、华山医院感染科主任张文宏表示，他回华山医院隔离区每星期进行一到两次查房，为的是消除医生的恐惧。,1.29,上海发布,https://weibo.com/2539961154/IrM77go6t?type=comment,
,,微博官方认证,面对督查组“一问三不知” #黄冈卫健委主任唐志红被免职# ,1.30,新京报我们视频,https://weibo.com/6124642021/IrVGwlc5A?type=comment,
,,微博官方认证,【#宠物接触到疫情也需隔离#！李兰娟称如接触到疑似患者一样要隔离】 ,1.30,新浪新闻,https://weibo.com/2028810631/IrQsThpBu?type=comment,
,,微博官方认证,#抗击新型肺炎我们在行动# 科学抗“疫”，理性攻坚，远离人流密集区，不给病毒可乘之机，你的健康换来大家的安康，#坚决打赢疫情防控阻击战# ,1.30,北京电视台,https://weibo.com/2992050891/IrVGGFlWc?type=comment,
,,微博官方认证,【#当武汉物资运输车经过收费站#】#周刊君与你共同战疫# 当武汉物资运输车经过收费站时，这一幕，让人泪目。 武汉加油，武汉挺住！,1.30,中国新闻周刊,https://weibo.com/1642512402/IrV0FmJiY?type=comment,
,,微博个人认证,【武汉一护士的求助】各位网友，我也是实在没有办法了，来寻求求助。本人武汉市第四医院的一名职工，目前怀孕七个月，一月份开始上班，上了半个月，自己感染上了肺炎，也是历尽波折总算住进了自己本院接受治疗。,1.30,价值投资日志,https://weibo.com/5645756008/IrVoA9g9k?refer_flag=1001030103_&type=comment#_rnd1604903948306,
,,微博官方认证,"#同江同湖同舟共济##湖南防控新型肺炎#
【天天兄弟如何正确预防新型肺炎？面对新型冠状病毒，如何做好防范？】我们倡导大家戴口罩、勤洗手、少出门，注意个人卫生，保护自己、保护家人、保护他人。（湖南卫视）",1.30,湖南高院,https://weibo.com/3271857672/IrVogkPSm?type=comment,
,,微博官方认证,#抗击新型肺炎我们在行动# 戴口罩，少出门，多喝水，室内常通风，室外少聚集，武汉加油！防控疫情@陈立农 和大家一起度过！,1.30,环球音乐华语部,https://weibo.com/2075787695/IrRyWCVEs?type=comment,
,,微博个人认证,#抗击新型肺炎第一线# 终于有专家把冠状病毒讲明白了，为什么要隔离？怎么治疗？不妨耐心看一下。#抗击新型肺炎我们在行动#,1.30,压力司多的,https://weibo.com/1888348993/IrUX7vaI2?type=comment,
,,微博官方认证,【武汉医护人员收到爱心餐：这是我这两天吃过#最好的一顿饭#[心]】,1.30,中国新闻网,https://weibo.com/1784473157/IrT3ylkLX?refer_flag=1001030103_&type=comment,
,,微博官方认证,【#日本多地驰援中国#：广岛支援10万枚口罩，#矢野浩二捐赠13万个口罩#】 日媒31日报道，日本多地向中国支援口罩等物资。,1.31,梨视频,https://weibo.com/6004281123/Is4cydIpe?refer_flag=1001030103_&type=comment,
,,微博个人认证,#新型冠状病毒如何检测# 目前是大家最关注的问题之一了，此外患新型冠状肺炎会有后遗症吗？出现感冒发烧症状是否需要马上就医？这些问题也都是大家关注的焦点，戳视频钟南山院士为你解答！,1.31,文娱第三只眼,https://weibo.com/1371117067/Is4FuueR8?type=comment,
,,微博个人认证,#新型肺炎##中疾控回应何时发现病毒人传人# 生物老师在线科普冠状病毒，通俗易懂，你值得了解一下,1.31,医学知识总览,https://weibo.com/6063043193/Is4XylMFm?type=comment,
,,微博官方认证,【#硬核浙商买不了口罩就买口罩厂#：预计日产10万只 单价0.3元】1月31日，据丽水市归国华侨联合会消息，柬埔寨浙江商会副会长赵普洲，在柬埔寨金边收购一家口罩厂，助力家乡疫情防控。投产后，每天可生产10万只医用口罩，每只收费0.3元。,1.31,新京报我们视频,https://weibo.com/6124642021/Is4snh3mt?refer_flag=1001030103_&type=comment,
,,普通用户,#李永乐老师讲解新型冠状病毒# 【“冠状病毒”是什么？武汉新型肺炎病毒是如何使人生病的？】20世纪初，人们发现了一种比细菌还要小的病原体：病毒。,1.31,IT科技与互联网 ,https://weibo.com/1661573715/Is4UX4QGi?refer_flag=1001030103_&type=comment,
,,微博官方认证,【饲料告急！#湖北三亿只鸡面临饿死风险#，目前存货仅能维持3、4天[伤心]】,1.31,梨视频,https://weibo.com/6004281123/Is5avusoA?refer_flag=1001030103_&type=comment,
,,微博个人认证,今晚的东京天空树为祈祷中国新型肺炎疫情早日得到控制，正在举行特别的点灯仪式。5点到8点的蓝色灯光是为了祈祷疫情早日结束，8点到11点的中国红代表着中国加油！,1.31,日本流行每日速报 ,https://weibo.com/1778181861/Is4tRrihI?type=comment#_rnd1604907497468,
,,微博个人认证,"科普解读《什么是冠状病毒》
英国卫报的健康编辑Sarah Boseley 就武汉新型肺炎为大家科普了一些关于冠状病毒的基础知识、感染的症状、应不应该恐慌、病毒如何传播、目前的治疗方法等问题，大家了解一下！",1.31,悦君电影,https://weibo.com/1928300393/Is4vkspkm?type=comment,
,,微博个人认证,#抗击新型肺炎第一线# 把视频看了一遍又一遍，激动到泪目，满满正能量！2月1日17:55，一架满载着爱心医疗物资的直升机直达华中科技大学附属协和医院，飞机上是一批从仙桃运输到武汉的医疗物资，直接捐赠到协和医院医护人员的手中！今晚大家一定可以睡个好觉了！！！,2.1,协和医生Do先生,https://weibo.com/3141296113/IsdYrf6nP?type=comment,
,,微博官方认证,【#主人被隔离猫咪疑遭社区活埋# 所在社区：为切断传染途径对猫采取措施】2月1日，一位豆瓣瓣友发帖称，江苏无锡一猫主人因疑似感染新冠肺炎被隔离检查，社区把他家的猫活埋了。,2.1,新京报我们视频,https://weibo.com/6124642021/IscEwkrBJ?type=comment,
,,微博官方认证,负责撤侨的日本官员居然自杀了！此前日本撤侨中有发现感染病例。产经新闻报道称，目前尚不知道自杀是否与业务有关，警方正在调查其自杀原因。#负责撤侨的日本官员自杀# #新型肺炎疫情快报# ​,2.1,深蓝财经,https://weibo.com/1961718870/IsdDhfII7?type=comment#_rnd1604907969441,
,,微博官方认证,【#实探武汉红十字会仓库#：多名“白大褂”焦急等候，医生领500口罩遇阻，反复沟通后领走[话筒]】,2.1,梨视频,https://weibo.com/6004281123/Ise7n2p8i?refer_flag=1001030103_&type=comment,
,,微博官方认证,【重大发现！#深圳确诊患者粪便中检测出病毒RNA阳性#】2月1日，深圳市第三人民医院透露，该院肝病研究所研究发现，在某些新型冠状病毒感染的肺炎确诊患者的粪便中检测出2019-nCoV核酸（新型冠状病毒）阳性，#很有可能提示粪便中有活病毒存在#。,2.1,新京报,https://weibo.com/1644114654/Isetx421x?refer_flag=1001030103_&type=comment#_rnd1604908097940,
,,微博官方认证,#新型冠状病毒感染肺炎#【文艺界推出抗击疫情主题MV《坚信爱会赢》】,2.2,新华视点,https://weibo.com/1699432410/IsnhUgg1p?refer_flag=1001030103_&type=comment,
,,微博官方认证,#最新疫情地图# 截至2月2日24时，31个省（自治区、直辖市）和新疆生产建设兵团共确诊新型冠肺炎17205例 死亡361例，治愈475例，共有疑似病例21558例。持续关注！ ,2.3,环球网,https://weibo.com/1686546714/IsrxVl7qo?type=comment#_rnd1604908476181,
,,微博官方认证,【#未发现新型肺炎病毒宠物传染人#】国家卫健委专家组成员、北京地坛医院感染二科主任医师蒋荣猛表示，目前研究显示，冠状病毒有50多种，四个属，可以感染到很多动物，但这之间有物种屏障，并非随意相互感染，能感染人的只有7种，,2.3,中国新闻社,https://weibo.com/3604378011/Isx7oCRYL?refer_flag=1001030103_&type=comment#_rnd1604908557988,
,,微博官方认证,#寻找抗疫平民英雄#【#江苏辅警抗击肺炎疫情中牺牲# 曾为防疫控疫连续值班2天】,2.5,新京报我们视频,https://weibo.com/6124642021/IsP4Yn9nW?refer_flag=1001030103_&type=comment,
,,微博个人认证,#抗击新型肺炎第一线##武汉加油#一顿夹着冰雪的晚饭！如果是你的父母，你的儿女在冰天雪地里执勤，你还会出门乱跑吗,2.5,新鲜事儿不思议,https://weibo.com/6280360687/It92s1IId?type=comment,
,,微博个人认证,#新冠肺炎英文简称NCP# “新型冠状病毒肺炎”，简称：“新冠肺炎”，英文缩写：“NCP”。→ 纪录片《病毒与人体细胞大战》,2.8,天津身边事,https://weibo.com/2561292283/Ith8EiMVN?type=comment,
,,微博官方认证,【#为什么现在还没到出门的时候#？计算机仿真程序告诉你！转扩！】,2.4,中国之声,https://weibo.com/1699540307/IsCOO1YjX?refer_flag=1001030103_&type=comment,
,,微博个人认证,#湖北不用等核酸检测就可确诊# #CT筛选或将成诊断首选# #健康中国2030# 昨天某大V发了一张特典型新型肺炎CT，我的粉丝拿着CT来问我该怎么看？可能对于非相关专业包括我在内，确实很难看懂，本单位影像科大哥的硬核科普来了，一线影像医生的总结，非常经典，共同学习，建议转存！,2.4,爱撸铁的骨匠,https://weibo.com/2025661723/IsBBycG3P?refer_flag=1001030103_&type=comment#_rnd1604908915414,
,,微博官方认证,#张文宏谈新冠肺炎#【张文宏：每个人都是战士 #坚持两周把病毒闷死#】市卫健委今天通报：经上海市专家组评估，上海又有10例新型冠状病毒感染的肺炎患者痊愈出院，目前共有25例确诊病例出院。,2.6,看看新闻KNEWS ,https://weibo.com/1845864154/IsWSp0Hon?refer_flag=1001030103_&type=comment,
,,微博个人认证,新型冠状病毒在空气中会存活多久？检测是否会错漏？中国工程院院士、国家卫健委高级别专家组成员李兰娟为腾讯医典的网友们解答了对新型冠状病毒的热门疑问。,2.8,好奇博士,https://weibo.com/2794665971/Iti0HqTGM?type=comment#_rnd1604909140834,
,,微博个人认证,日本最大集体感染！同船61人被检测出新型肺炎，3700多名邮轮乘客海上隔离，数字还会不断攀升...？,2.7,英国报姐,https://weibo.com/3099016097/It8hYnMTY?type=comment#_rnd1604909315217,
,,微博官方认证,【独家专访|#薇娅的村播时代# 】新型肺炎疫情发生后，@薇娅viyaaa 向武汉定点捐赠200万元物资，成为抗疫捐款中筹集最快、数额最大的公众人物之一。从电商平台第一主播到助农大使、海水稻推广大使，薇娅向@人民文娱 讲述了自己深入公益、扶贫助农的故事。,2.9,人民文娱,https://weibo.com/7362512027/ItqT65JrK?refer_flag=1001030103_&type=comment,
,,微博官方认证,【习近平：#咱们一定可以克服这场疫情#】2月10日下午，习近平在北京市调研指导新型冠状病毒肺炎疫情防控工作。他首先来到朝阳区安贞街道安华里社区，了解基层一线疫情联防联控情况。,2.10,央视新闻,https://weibo.com/2656274875/ItA2SEIVd?refer_flag=1001030103_&type=comment,
,,微博官方认证,B站向隔离观察群众捐赠了10万个大会员,2.10,芒果娱乐,https://weibo.com/1886903325/ItA0SfbAw?type=comment#_rnd1604909792728,
,,微博官方认证,【线索征集！帮助抗击肺炎的一线“战士”】英雄的人们，值得褒扬！,2.15,微公益,https://weibo.com/2089358175/IukAhDSFQ?refer_flag=1001030103_&type=comment,
,,微博个人认证,"“让爱逆行 迎难而上 不折不挠”

在这场无声战斗中，是你们与时间赛跑，与死神搏斗，是每个我们想要拥抱的你们，说一声谢谢，真的辛苦了。",2.15,汪东城,https://weibo.com/1773283005/IulrTmqVB?refer_flag=1001030103_&type=comment,
,,微博个人认证,"#抗击新型肺炎第一线##最新疫情地图#
这是方舱医院医生的50岁生日。你愿意为他送一句生日祝福吗？",2.15,身边鉴赏家,https://weibo.com/6209134100/IumcUmOI2?type=comment,
,,微博官方认证,【全世界正在担心日本，#新冠病毒正突破日本防线#】#新冠肺炎已开始在日本流行#,2.15,红星新闻,https://weibo.com/6105713761/IulYb0H7h?refer_flag=1001030103_&type=comment#_rnd1604910155146,
,,微博官方认证,#想见你的100种方式# 特邀明星爱心讲述者@王子异 为你讲述疫情之下第10/100个真实事件。,2.15,时尚芭莎,https://weibo.com/1708288824/Iuk2mErBP?refer_flag=1001030103_&type=comment#_rnd1604910279732,
,,微博个人认证,疫情何时结束？#钟南山称峰值应在二月中下旬#，疫情拐点暂时无法预测！,2.11,吐槽小天才,https://weibo.com/1832527363/ItJOQF9ZD?refer_flag=1001030103_&type=comment,
,,微博官方认证,【最美爱情！疫情期医院取消探视，#奶奶每天给ICU老伴写情书#,2.11,一手Video,https://weibo.com/5943595658/ItKa1waIs?refer_flag=1001030103_&type=comment,
,,微博官方认证,"【中国红客联盟官方预警】台情报机构黑客组织，借新型肺炎发起网络攻击
新冠肺炎疫情之下",2.11,中国红客联盟,https://weibo.com/2008232173/ItKJsxioU?refer_flag=1001030103_&type=comment#_rnd1604910558446,
,,微博个人认证,#致敬中国军人# 心疼！惊闻母亲过世 火神山医院护士面向家的方向三鞠躬！#抗击新型肺炎第一线# via中国军网,2.12,勤奋de班长,https://weibo.com/2160553221/ItSWr3D02?type=comment,
,,微博官方认证,#新型冠状病毒感染肺炎#【相距几米，他却只能#给妻子一个隔空拥抱#】2月9日，浙江台州三门县人民医院的监控记录下令人动容的一幕。,2.12,新华视点,https://weibo.com/1699432410/ItSoE0YwG?type=comment,
,,微博官方认证,【#水彩画家刘寿祥因新冠肺炎去世#，被称为湖北水彩领军人物[蜡烛]】,2.13,梨视频,https://weibo.com/6004281123/Iu26GfXwr?type=comment,
,,微博个人认证,新型肺炎对群众生活的影响,2.13,零执事V,https://weibo.com/6570944888/Iu18ogo2L?type=comment#_rnd1604911124014,
,,微博官方认证,#疫情无情人有情春苗在行动##抗击新型肺炎我们在行动# 【抗击疫情，众志成城】,2.13,春苗基金会 ,https://weibo.com/1904749125/Iu2BG6CfN?type=comment#_rnd1604911203304,
,,微博个人认证,新型肺炎期间，有哪些行之有效的心理疏导方法？,2.13,思想聚焦,https://weibo.com/1742566624/Iu355kkR2?type=comment#_rnd1604911299412,
,,普通用户,"#新型冠状病毒肺炎# 凌晨三点的同济中法新城院区
转：凌晨三点的医院
转自我院严丽教授的朋友圈———",2.13,胖胖平panda,https://weibo.com/2387158800/Iu2wJ6IfL?refer_flag=1001030103_&type=comment,
,,微博官方认证,【即日起，所有返京人员到京后，均应居家或集中观察14天】#返京人员均应居家或集中观察14天# 刚刚，北京新型冠状病毒肺炎疫情防控工作领导小组办公室发布通告，从即日起，所有返京人员到京后，均应居家或集中观察14天。,2.14,头条新闻,https://weibo.com/1618051664/Iud1fFsFi?refer_flag=1001030103_&type=comment#_rnd1604911629703,
,,微博个人认证,"国开行关于国家助学贷款的最新政策，我给大家画一下重点，望转发周知：

1 因为家人或者本人患新型冠状病毒肺炎，导致无力偿还的毕业借款学生，可以申请代偿2019、2020年应还的本金加利息。",2.14,天涯历知幸,https://weibo.com/5040955225/IubgrknHc?refer_flag=1001030103_&type=comment#_rnd1604911909200,
,,微博个人认证,#南宁爆料#【你听过吗？[二哈]网友投稿“南宁普通话版”防疫宣传视频，你觉得怎么样？】,2.16,南宁人不知道的南宁事,https://weibo.com/2099016241/Iuv6wko11?refer_flag=1001030103_&type=comment,
,,微博个人认证,#健康生活指南# #ecmo技术成功救治一新型肺炎患者# 此次新型肺炎让公众对ECMO产生了兴趣，但道听途说的新闻也可能让大家对这项技术产生误解。ecmo是什么？它是如何工作的？,2.16,果壳视频 ,https://weibo.com/6172978260/IuuIf8qon?type=comment,
,,微博官方认证,【#台湾现首例死亡病例#】据台媒报道，台湾地区流行疫情指挥中心16日称，岛内新增2例新型冠状病毒肺炎确诊病例，2名新增确诊患者中的一名60余岁男性已去世。,2.16,人民日报,https://weibo.com/2803301701/IuuryyXt4?refer_flag=1001030103_&type=comment#_rnd1604921878816,
,,普通用户,"和歌山县确诊的医生→发烧后吃了退烧药继续在医院工作
千叶县确诊的20多岁上班族→发烧后还坐电车去东京上班",2.16,日本三次元,https://weibo.com/6587535158/Iuv72yoAA?type=comment#_rnd1604922025647,
,,微博个人认证,NHK纪录片：紧急报告 新型冠状病毒肺炎,2.16,小智在那美克星,https://weibo.com/3951975029/IusqUgEVn?type=comment,
,,微博官方认证,#同江同湖同舟共济##湖南防控新型肺炎# 【战“疫”：同江同湖 同舟共济】湖南和湖北，依靠洞庭湖，同饮一江水，湘鄂有情，共渡难关！,2.17,湖南卫视,https://weibo.com/1638629382/IuCoyzbtP?type=comment,
,,微博官方认证,#IPE全国区县疫情地图##抗击新型肺炎我们在行动# 蔚蓝地图与数城未来合作推出每日疫情趋势分析。数据分析显示：,2.17,蔚蓝地图,https://weibo.com/5042247906/IuDHPCci4?refer_flag=1001030103_&type=comment,
,,微博个人认证,#健康一春#疫情当下面对新型冠状病毒，我们在日常生活中该如何做好自我防护及预防呢？快叫上你的小伙伴一起来学习预防及防护技能吧～,2.17,开心科宋大夫,https://weibo.com/2369134977/IuCD9mSoU?type=comment#_rnd1604922347630,
,,微博官方认证,"【中疾控报告：#超三千名医护感染新冠病毒#，确诊1716例】
一项基于7万余例新冠肺炎病例的流行病学调查结果于2月17日公布。最新一期中华流行病学杂志发表《新型冠状病毒肺炎流行病学特征分析》报告，该报告由中国疾控中心新型冠状病毒肺炎应急响应机制流行病学组撰写。",2.17,蓝鲸财经记者工作平台,https://weibo.com/1885454921/IuE4f1UqW?type=comment#_rnd1604922521554,
,,微博官方认证,【#中国疾控中心最新重磅论文# 1月11-20日感染者数量暴增】近日，中国国内的医学学术期刊《中华流行病学杂志》，预出版了一篇来自中国疾病预防控制中心“新型冠状病毒肺炎应急响应机制流行病学组”的论文。,2.18,环球网,https://weibo.com/1686546714/IuObBdQS7?refer_flag=1001030103_&type=comment#_rnd1604922853589,
,,微博官方认证,#暖流计划##暖流驿站播报# 抗击病毒肺炎，暖流重庆团队在行动,2.19,暖流计划 ,https://weibo.com/3066806617/IuVpzFFMH?type=comment#_rnd1604922933021,
,,微博官方认证,【#多国知名医学专家联名支持中国科学家#】昨天，国际权威医学期刊《柳叶刀》刊登了由全球多个国家的知名医学专家联署的一份声明。声明不仅对正在与新型冠状病毒肺炎疫情战斗的中国科研和医学人士表达致敬和支持之情，更严厉谴责了目前网络上一些愈演愈烈的围绕新型冠状病毒的阴谋论！,2.19,侠客岛,https://weibo.com/5476386628/IuWyVuWch?refer_flag=1001030103_&type=comment#_rnd1604923129039,
,,微博官方认证,【中方紧急向日本捐赠一批新冠肺炎核酸检测试剂盒】#中方向日本捐赠核酸检测试剂盒# ,2.20,头条新闻,https://weibo.com/1618051664/Iv3kV9za0?refer_flag=1001030103_&type=comment#_rnd1604923334229,
,,微博官方认证,#聚焦新型冠状病毒肺炎# 【只要我们在一起，一切，会好的】乌云笼罩下，用希望驱散阴霾；黑夜漫长时，用勇敢静待花开。张艺兴@努力努力再努力x 歌曲《会好的》——“纵眼下长夜漫长，却始终相信曙光就在前方”，加油！,2.20,株洲共青团,https://weibo.com/1461331505/Iv4vmBitn?type=comment,
,,微博官方认证,【#首例新冠肺炎逝者遗体解剖报告#：病变仍聚焦肺部，其他脏器损伤证据不足】,2.28,广州日报,https://weibo.com/1887790981/Iwha1b3lO?refer_flag=1001030103_&type=comment#_rnd1604923520903,
,,微博官方认证,"【newsen】TWICE周子瑜为新冠疫情捐赠5000万韩元！""希望大家身体健康""",2.29,爱豆韩流社区,https://weibo.com/2619577243/IwrQfbVwD?type=comment#_rnd1604923657348,
,,微博官方认证,面对疫情，你是否发出过灵魂拷问#口罩还要戴多久#？而百余年前的一个秋天，曾有一场威胁全球的“西班牙大流感”，导致十亿人感染，千万人死亡。万万没想到，历史上最快最狠的瘟疫居然是流感，而西班牙大流感居然跟西班牙没关系？今天返朴视频《#小艾说科学#》中，@战斗仓鼠laq 来给你讲讲那些科学历史,2.28,返朴,https://weibo.com/7006367380/Iwfk90ROS?refer_flag=1001030103_&type=comment,
,,微博个人认证,我们面对疫情和病毒可以铁骨铮铮，但面对亲人却忍不住流下眼泪。这位父亲是防疫一线的医生，由于忙于工作半个月没回家。女儿过生日也不敢进门，只能站在门外，远远看着女儿唱生日歌，颤抖的歌声令人动容，生日快乐！,2.21,协和医生Do先生,https://weibo.com/3141296113/IvfiG44Db?type=comment,
,,微博个人认证,#抗击新型肺炎第一线# 武汉市七医院，女护士刚抢救完一位病人，处理完遗体，就被一位朱姓病人颐指气使，他命令女护士去打扫他房间的厕所。,2.21,常春中国,https://weibo.com/1400155577/Ivbte2MTL?refer_flag=1001030103_&type=comment,
,,微博官方认证,【官宣:#浙江第一批疫苗已产生抗体#!揭秘:新冠病毒侵染人体那一刻!】今天下午，浙江省新型冠状病毒肺炎疫情防控工作新闻发布会（第二十七场）举行。,2.22,环球网,https://weibo.com/1686546714/IvnRzx0ap?refer_flag=1001030103_&type=comment#_rnd1604924214876,
,,微博个人认证,"这个视频也太催泪了！！[跪了][跪了]

华晨宇专门为新型肺炎患者创作的公益歌曲《你要相信这不是最后一天》，配上这些画面真的是画面音乐双重暴击了！",2.23,当时我就震惊了,https://weibo.com/1764222885/IvyIU1ClE?type=comment,
,,微博个人认证,"由@OPiece海贼王 出品的【新冠肺炎知识系列漫画】今天起正式上线啦！！萌医乔巴亲自上场讲解知识干货，路飞亲身示范预防小知识，娜美在线讲解口罩的正确戴法……
快来和海贼伙伴们一起对抗新冠病毒吧！",2.23,OPiece海贼王,https://weibo.com/1655152542/IvzKljTjz?refer_flag=1001030103_&type=comment#_rnd1604924521765,
,,微博个人认证,辛苦了！果然她们只是一群孩子，学着前辈的模样，和“死神”抢人！,2.24,军旅,https://weibo.com/5581669244/IvIvVpoC9?type=comment,
,,普通用户,#全国确诊新型肺炎病例# 我们胜利了嘛？到了庆祝的时候嘛？胡闹！,2.24,佛雷德烈克0404,https://weibo.com/1782664785/IvGjnwiLW?type=comment,
,,微博官方认证,#影视宅急送# 当下新型肺炎疫情，让《传染病》再次警示人类，万字解析片中的细思极恐。,2.24,微影迷,https://weibo.com/2143550005/IvGAU48WB?type=comment,
,,微博个人认证,【韩国日报】[大韩航空乘务员确诊前曾在LA航线投入工作]25日据航空业界消息，大韩航空空中乘务员A某在今日9时（韩国时间）确诊了新型肺炎。,2.25,韩国me2day,https://weibo.com/2482557597/IvPRo5E9l?refer_flag=1001030103_&type=comment#_rnd1604925003914,
,,微博官方认证,【#湖北404名民辅警感染新冠肺炎#】截至2月25日17时，湖北公安机关已有293名民警、111名辅警确诊感染新型冠状病毒肺炎，4名在职民警因感染新冠肺炎身故。,2.26,中国日报,https://weibo.com/1663072851/Iw1YDzRss?type=comment,
,,微博个人认证,"#撑住挑战#我来啦！
#抗击新型肺炎我们在行动#！特殊时期也要坚持运动，保持健康的体魄是我们共同抗击疫情的重要基础。希望疫情过去，祈祷奥运会如期举行！期待运动员能够实现他们的奥运梦想！",2.26,大杨杨,https://weibo.com/1919014323/IvYJEpGd8?refer_flag=1001030103_&type=comment,
,,微博个人认证,#池袋鸡尾酒表演秀#池袋有家名为「COLORSOL」的餐吧，受到新型肺炎影响不得不取消店里特色的鸡尾酒秀，店里的酒保干脆就把视频放推特上了，让满心期待的客人网上也能看到，好看是真的好看啊。,2.26,林萍在日本,https://weibo.com/1593933550/IvYRCuA72?type=comment,
,,微博个人认证,【News1独家】[GOT7 JB因新型肺炎疫情捐款，以本名林在范私下的善行]27日据演艺界人士消息，JB通过希望桥全国救灾协会捐赠了千万韩元善款。,2.27,韩国me2day,https://weibo.com/2482557597/Iw83qC6kh?type=comment#_rnd1604925310761,
,,微博个人认证,岛国岚饭网友创作的，追星宅的抗击新型肺炎应援歌。,2.28,日本沙雕日常,https://weibo.com/5543176559/IwielzHio?type=comment,
,,微博官方认证,"#贴心提示#【@商场、超市，这些防控措施要做到！】近日，国务院应对新型冠状病毒肺炎疫情联防联控机制印发《关于依法科学精准做好新冠肺炎疫情防控工作的通知》,其中对商场、超市等场所的疫情防控工作提出多项技术要求。",2.29,司法部,https://weibo.com/6199038235/IwuxAgizx?type=comment#_rnd1604925663198,
,,微博个人认证,#方舱医院伙食# 再发一下方舱医院的每天150元标准的免费伙食（痛风套餐[偷笑]），比家里蹲吃的还要奢侈豪华。,3.1,襄阳小邢警 ,https://weibo.com/1804898121/IwDuocjt8?type=comment#_rnd1604925881020,
,,微博个人认证,"漫画图说】用海贼王的方式告诉你，新型冠状肺炎是如何传播的？
@OPiece海贼王 出品《新冠肺炎知识漫画》
第二章：传播篇",3.1,OPiece海贼王,https://weibo.com/1655152542/IwA0NhJZk?type=comment#_rnd1604925975913,
,,微博官方认证,【#小区封闭男子将头钻出围栏理发#，围观者狂笑：可以载入史册了[笑cry]】,3.6,一手Video,https://weibo.com/5943595658/Ixou0c99k?type=comment,
,,微博官方认证,【#治愈大叔出院没有家人接#：妻子染病去世，孩子在治疗[悲伤],3.5,一手Video,https://weibo.com/5943595658/Ixf1u4tno?type=comment,
,,微博个人认证,"#疫情之下，不只是数字#
新冠病毒爆发的这两个月，到底发生了什么？
-
两个月前，谁也想不到，一个未知的病毒，会彻底改变我们的2020年。有人说，人类的本性是遗忘，所以这个视频将会告诉你，一些值得你记住的事情。",3.5,三代鹿人,https://weibo.com/5334369419/IxbBo4ler?type=comment,
,,微博官方认证,"#TORORACING##武汉加油##抗疫行动#
【共同抗“疫”｜借你几分钟，一起为中国打Call!】",3.6,TORORACING,https://weibo.com/7190151584/IxnZB0qPn?refer_flag=1001030103_&type=comment,
,,微博官方认证,【#女子在美核酸检测被拒后抵京确诊#】3月13日，北京市报告1例从美国输入的确诊病例黎某。,3.14,央视新闻,https://weibo.com/2656274875/IyA3eakCV?type=comment,
,,微博官方认证,【#河南省公安厅提郭某鹏事件#：一人之行为，造成一城的不安，害人害己[话筒]】3月11日，郑州男子郭某鹏从境外归来，确诊新冠肺炎，因其隐瞒行程被立案侦查。,3.13,一手Video,https://weibo.com/5943595658/IyoObgXYw?type=comment,
,,微博官方认证,【#张文宏微课 旅行发热与病毒#】来听张文宏医生的精彩微课《旅行发热与病毒》，当新型冠状病毒肺炎凶猛来袭，让我们感恩白衣天使和科学家们，让我们相信知识的力量，共渡难关！,3.15,新浪视频,https://weibo.com/1640601392/IyKkE8QrV?type=comment,
,,微博官方认证,#所有无症状入境北京人员集中隔离14天#【新政！明起所有无症状入境进京人员，均进行14天集中观察，费用自理】,3.15,北京日报,https://weibo.com/1893892941/IyJkR6r9u?refer_flag=1001030103_&type=comment,
